{"slider_title":"For every student, every classroom. Real results.","slider_text":"Build skills with courses, certificates, and degrees online from world-class universities and companies","testimonial_title":"What Our Student Have To Say","active_status":"1","created_by":"1","updated_by":"1","category_title":"Find videos courses on almost any topic to build career.","category_sub_title":"Enjoy lifetime access to courses on our website and app.","instructor_banner":"public\/frontend\/infixlmstheme\/img\/banner\/cta_bg.jpg","instructor_title":"Limitless learning and more possibilities","instructor_sub_title":"Choose from over 100,000 online video courses with new","course_title":"Top Online Courses","course_sub_title":"The world\u2019s largest selection of courses choose from 130,000 online video courses with new additions published every month","best_category_banner":"public\/frontend\/infixlmstheme\/img\/banner\/backage_bg.jpg","best_category_title":"Online Learning from the World\u2019s best categories","best_category_sub_title":"Choose from over 100,000 online video courses with new additions published every month","quiz_title":"Explore popular Quizzes","testimonial_sub_title":"The world\u2019s largest selection of courses choose from 130,000 online video courses with new additions published every month","article_title":"Articles & News","article_sub_title":"The world\u2019s largest selection of courses choose from 130,000 online video courses with new additions published every month","subscribe_logo":"public\/frontend\/infixlmstheme\/img\/book.png","subscribe_title":"Keep up to date \u2014 Get e-mail updates","subscribe_sub_title":"Stay tuned for the latest company news.","course_page_title":"Courses","course_page_sub_title":"Join the Millions for better learning.","course_page_banner":"public\/frontend\/infixlmstheme\/img\/banner\/bradcam_bg_1.jpg","class_page_title":"Classes","class_page_sub_title":"Join the Millions for better learning.","class_page_banner":"public\/frontend\/infixlmstheme\/img\/banner\/bradcam_bg_2.jpg","quiz_page_title":"Quizzes","quiz_page_sub_title":"Join the Millions for better learning.","quiz_page_banner":"public\/frontend\/infixlmstheme\/img\/banner\/bradcam_bg_3.jpg","instructor_page_title":"Instructor","instructor_page_sub_title":"Start your education Career with us.","instructor_page_banner":"public\/frontend\/infixlmstheme\/img\/banner\/bradcam_bg_4.jpg","contact_page_title":"Contact Us","contact_sub_title":"We\u2019re here with you every step way!","contact_page_banner":"public\/frontend\/infixlmstheme\/img\/banner\/bradcam_bg_5.jpg","about_page_title":"About Company","about_sub_title":"The leading global marketplace.","about_page_banner":"public\/frontend\/infixlmstheme\/img\/banner\/bradcam_bg_6.jpg","become_instructor_title":"Become a Instructor.","become_instructor_sub_title":"Teach what you love. Corrector gives you the tools to create a course .","become_instructor_logo":"public\/frontend\/infixlmstheme\/img\/services\/1.png","slider_banner":"public\/frontend\/infixlmstheme\/img\/banner\/banner.jpg","show_key_feature":"1","key_feature_title1":"50K+ Online Courses","key_feature_subtitle1":"Enjoy lifetime access to courses","key_feature_logo1":"public\/frontend\/infixlmstheme\/img\/svg\/course_1.svg","key_feature_link1":null,"key_feature_title2":"Teacher directory","key_feature_subtitle2":"Learn from industry experts","key_feature_logo2":"public\/frontend\/infixlmstheme\/img\/svg\/course_2.svg","key_feature_link2":null,"key_feature_title3":"Unlimited access","key_feature_subtitle3":"Learn on your schedule","key_feature_logo3":"public\/frontend\/infixlmstheme\/img\/svg\/course_3.svg","key_feature_link3":null,"become_instructor_page_banner":"public\/frontend\/infixlmstheme\/img\/banner\/cta_bg.jpg","become_instructor_page_title":"Limitless learning and more possibilities","become_instructor_page_sub_title":"Choose from over 100,000 online video courses with new","blog_page_banner":"public\/frontend\/infixlmstheme\/img\/banner\/cta_bg.jpg","blog_page_title":"Limitless learning and more possibilities","blog_page_sub_title":"Choose from over 100,000 online video courses with new","maintenance_banner":"public\/frontend\/infixlmstheme\/img\/banner\/maintenance.jpg","maintenance_title":"We will be back soon!","maintenance_sub_title":"Sorry for the inconvenience but we&rsquo;re performing some maintenance at the moment.","maintenance_status":"0","banner_logo":"public\/frontend\/edume\/img\/banner\/logo.svg","show_banner_section":"1","show_category_section":"1","show_instructor_section":"1","show_course_section":"1","show_best_category_section":"1","show_quiz_section":"1","show_testimonial_section":"1","show_article_section":"1","show_subscribe_section":"1","show_become_instructor_section":"1","show_sponsor_section":"1","show_menu_search_box":"1","show_banner_search_box":"1","show_map":"1","show_subscription_plan":"1","subscription_title":"Pricing Plan & Package","subscription_sub_title":"Choose from over 100,000 online video courses with new","show_live_class_section":"1","live_class_title":"Explore popular Live Classes","show_about_lms_section":"1","about_lms_header":"About LMS","about_lms":null,"quiz_sub_title":"You don\u2019t need to be a designer or have any previous of experience with design to take Quillow classes. You just need curiosity and the desire to learn.","live_class_sub_title":"You don\u2019t need to be a designer or have any previous of experience with design to take Quillow classes. You just need curiosity and the desire to learn.","sponsor_title":"Trusted by companies of all sizes","sponsor_sub_title":"Thousands of students already add more focus to their work with InfixLMS.","contact_page_body_image":null,"contact_page_content_title":"Want to become an educator?","contact_page_content_details":"Areana ipsum dolor sit amet, consectetur adipiscing elit. Suspendisse varius enim eros elementum tristique. Duis cursus, mi quis viverra ornare, eros dolor interdum nulla, ut commodo diam libero vitae erat. Aenean faucibus nibh et justo cursus id rutrum lorem imperdiet. Nunc ut sem vitae risus tristique posuere.","contact_page_phone":"public\/frontend\/edume\/img\/lms_cat\/1.png","contact_page_email":"public\/frontend\/edume\/img\/lms_cat\/2.png","contact_page_address":"public\/frontend\/edume\/img\/lms_cat\/3.png","how_to_buy_title1":"Step 1","how_to_buy_details1":"Trusted by companies of all sizes","how_to_buy_logo1":"public\/demo\/how_to_buy\/1.png","how_to_buy_title2":"Step 2","how_to_buy_details2":"Trusted by companies of all sizes","how_to_buy_logo2":"public\/demo\/how_to_buy\/2.png","how_to_buy_title3":"Step 3","how_to_buy_details3":"Trusted by companies of all sizes","how_to_buy_logo3":"public\/demo\/how_to_buy\/3.png","how_to_buy_title4":"Step 4","how_to_buy_details4":"Trusted by companies of all sizes","how_to_buy_logo4":"public\/demo\/how_to_buy\/4.png","show_how_to_buy":"0","how_to_buy_title":"How To Buy","how_to_buy_sub_title":"The easiest way to buy stocks is through an online stockbroker. After opening and funding your account.","offer_page_banner":"public\/frontend\/infixlmstheme\/img\/banner\/cta_bg.jpg","offer_page_title":"Offer Page","offer_page_sub_title":"Limitless learning and more possibilities","home_page_faq_title":"FAQ","show_home_page_faq":"0","home_page_faq_sub_title":"Some common question & answer","homepage_block_positions":"[{\"id\":1,\"block_name\":\"Homepage Banner\",\"order\":1,\"created_at\":\"2021-12-29 16:59:13\",\"updated_at\":\"2021-12-29 16:59:13\"},{\"id\":2,\"block_name\":\"Key Feature\",\"order\":2,\"created_at\":\"2021-12-29 16:59:13\",\"updated_at\":\"2021-12-29 16:59:13\"},{\"id\":3,\"block_name\":\"Category Section\",\"order\":3,\"created_at\":\"2021-12-29 16:59:13\",\"updated_at\":\"2021-12-29 16:59:13\"},{\"id\":4,\"block_name\":\"Instructor Section\",\"order\":4,\"created_at\":\"2021-12-29 16:59:13\",\"updated_at\":\"2021-12-29 16:59:13\"},{\"id\":5,\"block_name\":\"Course Section\",\"order\":5,\"created_at\":\"2021-12-29 16:59:13\",\"updated_at\":\"2021-12-29 16:59:13\"},{\"id\":6,\"block_name\":\"Best Category Section\",\"order\":6,\"created_at\":\"2021-12-29 16:59:13\",\"updated_at\":\"2021-12-29 16:59:13\"},{\"id\":7,\"block_name\":\"Quiz Section\",\"order\":7,\"created_at\":\"2021-12-29 16:59:13\",\"updated_at\":\"2021-12-29 16:59:13\"},{\"id\":8,\"block_name\":\"Testimonial Section\",\"order\":8,\"created_at\":\"2021-12-29 16:59:13\",\"updated_at\":\"2021-12-29 16:59:13\"},{\"id\":9,\"block_name\":\"Sponsor Section\",\"order\":9,\"created_at\":\"2021-12-29 16:59:13\",\"updated_at\":\"2021-12-29 16:59:13\"},{\"id\":10,\"block_name\":\"Article Section\",\"order\":10,\"created_at\":\"2021-12-29 16:59:13\",\"updated_at\":\"2021-12-29 16:59:13\"},{\"id\":11,\"block_name\":\"Become Instructor Section\",\"order\":11,\"created_at\":\"2021-12-29 16:59:13\",\"updated_at\":\"2021-12-29 16:59:13\"},{\"id\":12,\"block_name\":\"Subscribe Section\",\"order\":12,\"created_at\":\"2021-12-29 16:59:13\",\"updated_at\":\"2021-12-29 16:59:13\"},{\"id\":13,\"block_name\":\"Live Class\",\"order\":13,\"created_at\":\"2021-12-29 16:59:14\",\"updated_at\":\"2021-12-29 16:59:14\"},{\"id\":14,\"block_name\":\"About LMS\",\"order\":14,\"created_at\":\"2021-12-29 16:59:14\",\"updated_at\":\"2021-12-29 16:59:14\"},{\"id\":15,\"block_name\":\"Subscription Section\",\"order\":15,\"created_at\":\"2021-12-29 16:59:14\",\"updated_at\":\"2021-12-29 16:59:14\"},{\"id\":16,\"block_name\":\"How to buy\",\"order\":16,\"created_at\":\"2021-12-29 16:59:14\",\"updated_at\":\"2021-12-29 16:59:14\"},{\"id\":17,\"block_name\":\"Homepage FAQ\",\"order\":17,\"created_at\":\"2021-12-29 16:59:15\",\"updated_at\":\"2021-12-29 16:59:15\"}]"}