{
    "Header": {
        "QPAYFileType": 4,
        "ClientIdentifier": 4,
        "ServiceIdentifier": 4,
        "LayoutIdentifier": 4,
        "LayoutRevision": 3,
        "SequenceNumber": 4,
        "CreationDate": 8,
        "Month": 6,
        "ClientIdentifier2": 8,
        "Period": 1,
        "ConvertAccout": 1,
        "UniversalBranchCode": 1
    },
    "TransactionRecord": {
        "FileType1": 4,
        "Surname": 25,
        "Initials": 8,
        "IDNumber": 13,
        "BankIdentifier": 8,
        "AccountType": 2,
        "BranchCode": 6,
        "AccountNumber": 30
    },
    "TrailerRecord": {
        "FileType": 4,
        "RecordCount": 10,
        "CheckTotal": 20
    }
}